Track,Track Version,Matcher,Type,Macro Precision (P),Macro Recall (R),Residual Macro Recall (R+),Macro F1,Micro Precision (P),Micro Recall (R),Residual Micro Recall (R+),Micro F1,"# of TP","# of Residual TP","# of FP","# of FN","# of Correspondences",Total Runtime,Total Runtime (HH:MM:SS)
dh,2024all,logmap-2026.tar.gz,ALL,0.0,0.0,0.0,0.0,0.0,0.0,0.0,0.0,0,0,1,168,1,19749785542,00:00:19
dh,2024all,logmap-2026.tar.gz,CLASSES,0.0,0.0,0.0,0.0,0.0,0.0,0.0,0.0,0,0,0,0,0,-,-
dh,2024all,logmap-2026.tar.gz,PROPERTIES,0.0,0.0,0.0,0.0,0.0,0.0,0.0,0.0,0,0,1,0,1,-,-
dh,2024all,logmap-2026.tar.gz,INSTANCES,0.0,0.0,0.0,0.0,0.0,0.0,0.0,0.0,0,0,0,168,0,-,-
dh,2024all,secea-2026.tar.gz,ALL,0.18157885292791714,0.5206419883829145,0.5206419883829146,0.22669387650515568,0.20588235294117646,0.4166666666666667,0.4166666666666667,0.2755905511811024,70,70,270,98,473,5201375458,00:00:05
dh,2024all,secea-2026.tar.gz,CLASSES,0.0,0.0,0.0,0.0,0.0,0.0,0.0,0.0,0,0,4,0,25,-,-
dh,2024all,secea-2026.tar.gz,PROPERTIES,0.0,0.0,0.0,0.0,0.0,0.0,0.0,0.0,0,0,48,0,152,-,-
dh,2024all,secea-2026.tar.gz,INSTANCES,0.3398347562141917,0.5206419883829145,0.5206419883829145,0.32776436648152474,0.24305555555555555,0.4166666666666667,0.4166666666666667,0.30701754385964913,70,70,218,98,296,-,-
dh,2024all,tim-2026.tar.gz,ALL,0.4242296918767507,0.4578653720080503,0.4578653720080504,0.38919248531590306,0.5913978494623656,0.35947712418300654,0.35947712418300654,0.4471544715447155,55,55,38,98,121,9650404499,00:00:09
dh,2024all,tim-2026.tar.gz,CLASSES,0.0,0.0,0.0,0.0,0.0,0.0,0.0,0.0,0,0,1,0,7,-,-
dh,2024all,tim-2026.tar.gz,PROPERTIES,0.0,0.0,0.0,0.0,0.0,0.0,0.0,0.0,0,0,28,0,50,-,-
dh,2024all,tim-2026.tar.gz,INSTANCES,0.8349293563579278,0.4578653720080504,0.4578653720080504,0.5360691059321196,0.859375,0.35947712418300654,0.35947712418300654,0.5069124423963134,55,55,9,98,64,-,-
dh,2024all,logmap-kg-2026.tar.gz,ALL,0.6784622847441184,0.6449762924809859,0.6449762924809859,0.6050565488272237,0.6766917293233082,0.5357142857142857,0.5357142857142857,0.5980066445182725,90,90,43,78,133,16981935417,00:00:16
dh,2024all,logmap-kg-2026.tar.gz,CLASSES,0.0,0.0,0.0,0.0,0.0,0.0,0.0,0.0,0,0,0,0,0,-,-
dh,2024all,logmap-kg-2026.tar.gz,PROPERTIES,0.0,0.0,0.0,0.0,0.0,0.0,0.0,0.0,0,0,1,0,1,-,-
dh,2024all,logmap-kg-2026.tar.gz,INSTANCES,0.6800751879699248,0.6449762924809859,0.644976292480986,0.6063863360612662,0.6818181818181818,0.5357142857142857,0.5357142857142857,0.6,90,90,42,78,132,-,-
dh,2024all,lsmatch-2026.tar.gz,ALL,0.0,0.0,0.0,0.0,0.0,0.0,0.0,0.0,0,0,1,168,8,21700297085,00:00:21
dh,2024all,lsmatch-2026.tar.gz,CLASSES,0.0,0.0,0.0,0.0,0.0,0.0,0.0,0.0,0,0,1,0,8,-,-
dh,2024all,lsmatch-2026.tar.gz,PROPERTIES,0.0,0.0,0.0,0.0,0.0,0.0,0.0,0.0,0,0,0,0,0,-,-
dh,2024all,lsmatch-2026.tar.gz,INSTANCES,0.0,0.0,0.0,0.0,0.0,0.0,0.0,0.0,0,0,0,168,0,-,-
dh,2024all,logmap-lite-2026.tar.gz,ALL,0.0,0.0,0.0,0.0,0.0,0.0,0.0,0.0,0,0,3,168,18,987800887540,00:16:27
dh,2024all,logmap-lite-2026.tar.gz,CLASSES,0.0,0.0,0.0,0.0,0.0,0.0,0.0,0.0,0,0,3,0,18,-,-
dh,2024all,logmap-lite-2026.tar.gz,PROPERTIES,0.0,0.0,0.0,0.0,0.0,0.0,0.0,0.0,0,0,0,0,0,-,-
dh,2024all,logmap-lite-2026.tar.gz,INSTANCES,0.0,0.0,0.0,0.0,0.0,0.0,0.0,0.0,0,0,0,168,0,-,-
dh,2024all,logmap-bio-2026.tar.gz,ALL,0.0,0.0,0.0,0.0,0.0,0.0,0.0,0.0,0,0,1,168,1,21191008208,00:00:21
dh,2024all,logmap-bio-2026.tar.gz,CLASSES,0.0,0.0,0.0,0.0,0.0,0.0,0.0,0.0,0,0,0,0,0,-,-
dh,2024all,logmap-bio-2026.tar.gz,PROPERTIES,0.0,0.0,0.0,0.0,0.0,0.0,0.0,0.0,0,0,1,0,1,-,-
dh,2024all,logmap-bio-2026.tar.gz,INSTANCES,0.0,0.0,0.0,0.0,0.0,0.0,0.0,0.0,0,0,0,168,0,-,-
dh,2024all,lsmatch-multilingual-2026.tar.gz,ALL,0.0,0.0,0.0,0.0,0.0,0.0,0.0,0.0,0,0,1,168,8,12812655167,00:00:12
dh,2024all,lsmatch-multilingual-2026.tar.gz,CLASSES,0.0,0.0,0.0,0.0,0.0,0.0,0.0,0.0,0,0,1,0,8,-,-
dh,2024all,lsmatch-multilingual-2026.tar.gz,PROPERTIES,0.0,0.0,0.0,0.0,0.0,0.0,0.0,0.0,0,0,0,0,0,-,-
dh,2024all,lsmatch-multilingual-2026.tar.gz,INSTANCES,0.0,0.0,0.0,0.0,0.0,0.0,0.0,0.0,0,0,0,168,0,-,-
dh,2024all,matcha-2026.tar.gz,ALL,0.5632509157509158,0.721365649369404,0.721365649369404,0.590853276213882,0.3687707641196013,0.6607142857142857,0.6607142857142857,0.4733475479744136,111,111,190,57,301,334143674330,00:05:34
dh,2024all,matcha-2026.tar.gz,CLASSES,0.0,0.0,0.0,0.0,0.0,0.0,0.0,0.0,0,0,0,0,0,-,-
dh,2024all,matcha-2026.tar.gz,PROPERTIES,0.0,0.0,0.0,0.0,0.0,0.0,0.0,0.0,0,0,0,0,0,-,-
dh,2024all,matcha-2026.tar.gz,INSTANCES,0.5632509157509157,0.7213656493694042,0.7213656493694042,0.590853276213882,0.3687707641196013,0.6607142857142857,0.6607142857142857,0.4733475479744136,111,111,190,57,301,-,-
dh,2024all,mosaic-2026,ALL,0.6831723831723832,0.5568716848441505,0.5568716848441505,0.5938334848109283,0.6736842105263158,0.5517241379310345,0.5517241379310345,0.6066350710900473,64,64,31,52,95,-,-
dh,2024all,mosaic-2026,CLASSES,0.0,0.0,0.0,0.0,0.0,0.0,0.0,0.0,0,0,0,0,0,-,-
dh,2024all,mosaic-2026,PROPERTIES,0.0,0.0,0.0,0.0,0.0,0.0,0.0,0.0,0,0,0,0,0,-,-
dh,2024all,mosaic-2026,INSTANCES,0.6831723831723833,0.5568716848441505,0.5568716848441505,0.5938334848109283,0.6736842105263158,0.5517241379310345,0.5517241379310345,0.6066350710900473,64,64,31,52,95,-,-
